product_id,product_price
212,45.96
211,34.46
210,57.46
209,45.96
208,68.96
139,4.25
240,6.99
219,4.99
60,7.99
328,4.49
327,6.99
99,10.99
63,10.49
224,49.99
281,5.99
15,5.99
201,7.59
151,27.99
152,45.99
337,2.99
247,49.99
82,2.99
83,2.99
37,7.99
242,2.99
289,6.99
291,6.99
288,6.99
290,6.99
273,2.59
74,5.99
263,12.99
73,2.99
196,6.99
388,6.49
287,5.99
282,6.99
174,8.49
228,5.99
270,19.99
269,5.99
348,13.99
9,5.49
11,5.99
227,6.99
299,2.99
6,7.49
333,2.85
105,42.99
166,8.79
165,8.79
72,6.49
277,8.79
14,6.99
390,6.49
373,4.99
275,8.49
200,8.99
21,2.99
285,2.99
293,5.49
370,4.99
310,5.49
112,2.99
36,7.99
372,8.99
86,5.49
272,2.59
266,7.99
358,5.49
18,3.99
122,2.99
170,1.5
318,2.99
3,7.99
175,6.99
149,12.99
5,5.49
32,3.99
319,3.49
65,2.79
66,2.99
67,2.79
148,2.99
145,3.99
312,11.99
197,49.99
191,21.99
22,3.49
4,5.49
393,6.99
111,8.49
116,6.49
120,5
386,7.99
356,10
137,5
355,7.99
250,6.99
159,39.99
136,5.99
123,5.99
121,8.79
205,5.99
274,2.59
129,6.49
181,39.99
320,3.99
76,2.99
254,17.99
78,2.99
256,17.99
75,2.99
257,17.99
77,2.99
255,17.99
265,2.99
283,17.99
202,5.99
156,17.99
133,2.69
238,2.99
297,5.99
357,3.49
71,2.99
267,5.99
331,7.49
302,5.99
359,3.99
57,5.49
103,9.49
322,17.99
157,15.99
155,10.99
382,4.99
375,6.49
374,3.99
245,49.99
153,28.99
154,39.99
253,14.99
171,6.49
23,3.99
131,5.99
188,49.99
343,4.99
96,7.99
84,3.99
89,8.99
361,5.99
376,4.99
363,5.99
31,3.49
168,4.99
354,4.99
180,27.99
117,5
85,5.99
58,5.49
40,4.19
38,4.19
261,18.99
259,18.99
39,4.19
25,2.49
33,1.99
118,5
130,5.99
362,5.99
41,4.19
364,3.49
46,8.49
17,1.99
45,5.99
332,24.99
187,5.99
95,9.99
371,4.49
91,10.99
90,6.49
43,3.89
342,1.99
53,15.99
182,29.99
52,15.99
101,7.99
234,13.99
42,4.19
360,19.99
48,12.99
47,12.99
49,14.99
330,5.99
315,5.49
311,7.99
56,5.99
55,5.99
298,29.99
236,47.99
232,5.49
231,5.49
304,5.99
226,5
2,2.99
335,2.99
368,6.99
140,2.99
260,18.99
12,10.49
147,39.99
114,5.99
98,8.49
380,6.49
379,8.99
392,6.99
387,6.99
24,3.49
106,25
107,10
108,50
316,5.99
167,59.99
377,17.99
94,3.99
329,4.99
93,5.99
206,6.99
161,9.99
222,8.99
276,7.49
51,6.99
19,3.99
20,3.99
271,54.99
102,5.99
178,27.99
179,29.99
132,10.49
127,5.99
169,6.49
44,2.99
199,2.59
338,1.99
13,7.99
218,4.99
30,8.49
306,5.49
383,4.99
385,5.99
185,7.99
292,24.99
339,5.99
341,5.99
244,2.99
220,54.99
194,14.99
10,5.99
144,5.99
323,5.99
325,11.49
70,5.99
366,11.99
305,9.99
326,89.99
100,1.99
251,19.99
195,22.99
126,19.99
237,29.99
92,5.99
296,6.99
189,29.99
280,6.99
233,5.49
235,12.99
278,5.99
150,2.99
314,5.99
141,12.99
243,6.99
217,9.99
192,19.99
104,29.99
347,6.99
190,7.49
87,14.49
88,14.49
135,3.18
16,4.49
80,2.99
138,5.99
26,2.99
27,2.99
158,23.99
309,5.49
308,5.49
215,3.89
365,11.99
29,2.99
28,3.49
119,5
216,3.89
59,5.49
186,7.99
389,2.99
246,7.99
300,35.99
113,8.99
225,199
295,5.49
391,5.99
279,6.99
286,5.99
223,10.99
128,5.49
301,5.99
79,10.99
172,5.99
173,5.99
177,6.99
184,17.99
62,5.99
303,5.99
115,3.99
207,7.99
214,49.99
313,5.49
394,6.99
262,19.99
264,18.99
258,18.99
193,21.99
351,14.49
352,7.49
353,10.49
349,16.99
350,23.99
345,6.49
230,14.99
229,2.99
369,6.99
125,8.98
124,5.98
204,2.99
324,9.99
367,11.99
384,5.99
162,3.49
163,3.49
221,6.99
307,5.49
241,1.99
346,19.99
134,5.99
294,24.99
35,2.99
97,8.99
321,5.49
334,2.85
336,2.99
340,5.99
344,5.99
54,8.99
81,2.99
183,19.99
252,34.99
239,8.49
110,6.49
142,24.99
284,49.99
381,11.99
378,9.99
64,2.79
1,7.49
164,19.99
198,3.49
176,8.99
213,17.98
203,9.99
109,5.49
34,4.99
317,2.99
248,6.49
249,6.49
268,6.99
